INSERT INTO `USERS` (`username`,`email`) VALUES ('svilarrasa','salvador.vilarrasa@sopra.com');
INSERT INTO `USERS` (`username`,`email`) VALUES ('ppostigo','pablo.postigo@sopra.com');
INSERT INTO `USERS` (`username`,`email`) VALUES ('pmanso','pedro-jose.manso@sopra.com');
INSERT INTO `USERS` (`username`,`email`) VALUES ('ccordero','ccordero@sopra.com');
INSERT INTO `USERS` (`username`,`email`) VALUES ('mgalvan','moises.galvan@sopra.com');
INSERT INTO `USERS` (`username`,`email`) VALUES ('dcastro','diego.castro@sopra.com');
INSERT INTO `USERS` (`username`,`email`) VALUES ('bramos','blanca.ramos@sopra.com');
INSERT INTO `USERS` (`username`,`email`) VALUES ('bebarbier','benoit-externe.barbier@edf.fr');
INSERT INTO `USERS` (`username`,`email`) VALUES ('iouazzani','iman.ouazzani@es.sopra.com');
INSERT INTO `USERS` (`username`,`email`) VALUES ('dsanchez','diego.sanchez@sopra.com');
INSERT INTO `USERS` (`username`,`email`) VALUES ('ajimenez','alvaro.jimenez-peralo-herrera@sopra.com');
INSERT INTO `USERS` (`username`,`email`) VALUES ('drodilla','david.rodilla@sopra.com');
INSERT INTO `USERS` (`username`,`email`) VALUES ('evelasco','eligio.velasco@sopra.com');
INSERT INTO `USERS` (`username`,`email`) VALUES ('juromero','juan.romero@es.sopra.com');
INSERT INTO `USERS` (`username`,`email`) VALUES ('apintor','angel-jesus.pintor@sopra.com');
INSERT INTO `USERS` (`username`,`email`) VALUES ('lmaallem','loubna.maallem@sopra.com');
INSERT INTO `USERS` (`username`,`email`) VALUES ('scabrera','susana.cabrera@sopra.com');
INSERT INTO `USERS` (`username`,`email`) VALUES ('sbourgeaux','sylvain-externe.bourgeaux@edf.fr');
INSERT INTO `USERS` (`username`,`email`) VALUES ('lfournier','laurent-externe.fournier@edf.fr');
INSERT INTO `USERS` (`username`,`email`) VALUES ('mhameidat','michel.hameidat@sopra.com');
INSERT INTO `USERS` (`username`,`email`) VALUES ('jblanco','javier.blanco-leon@sopra.com');
INSERT INTO `USERS` (`username`,`email`) VALUES ('gsimon','gael.simon@sopra.com');

INSERT INTO `CONTROLS` (`NAME`,`DESCRIPTION`) VALUES ('PROJECTION_MENSUAL','Comprueba que los usuarios hayan imputado las horas de todo el mes en curso. Envía un email a los que no lo hayan hecho.');
INSERT INTO `CONTROLS` (`NAME`,`DESCRIPTION`) VALUES ('PROJECTION_SEMANAL','Comprueba que los usuarios hayan imputado las horas en el projection hasta un determinado día de la semana. Envía un email a los que no lo hayan hecho.');
INSERT INTO `CONTROLS` (`NAME`,`DESCRIPTION`) VALUES ('TINP_SAISIE_ERRORS','Comprueba las imputaciones malas diariamente para recordarselo a los usuarios.');

INSERT INTO `CONTROL_PARAMS` (`CONTROL_NAME`,`PARAM_NAME`,`DESCRIPTION`,`REQUIRED`,`DEFAULT_VALUE`) VALUES ('PROJECTION_MENSUAL','MAIL_FROM','','1','carlos.cordero@sopra.com');
INSERT INTO `CONTROL_PARAMS` (`CONTROL_NAME`,`PARAM_NAME`,`DESCRIPTION`,`REQUIRED`,`DEFAULT_VALUE`) VALUES ('PROJECTION_MENSUAL','MAIL_SUBJECT','','1','Projection !!');
INSERT INTO `CONTROL_PARAMS` (`CONTROL_NAME`,`PARAM_NAME`,`DESCRIPTION`,`REQUIRED`,`DEFAULT_VALUE`) VALUES ('PROJECTION_MENSUAL','MAIL_TEMPLATE','','1','projection-mensual.html');
INSERT INTO `CONTROL_PARAMS` (`CONTROL_NAME`,`PARAM_NAME`,`DESCRIPTION`,`REQUIRED`,`DEFAULT_VALUE`) VALUES ('PROJECTION_MENSUAL','SIMULATE','','1','true');
INSERT INTO `CONTROL_PARAMS` (`CONTROL_NAME`,`PARAM_NAME`,`DESCRIPTION`,`REQUIRED`,`DEFAULT_VALUE`) VALUES ('PROJECTION_SEMANAL','MAIL_FROM','','1','carlos.cordero@sopra.com');
INSERT INTO `CONTROL_PARAMS` (`CONTROL_NAME`,`PARAM_NAME`,`DESCRIPTION`,`REQUIRED`,`DEFAULT_VALUE`) VALUES ('PROJECTION_SEMANAL','MAIL_SUBJECT','','1','Projection !!');
INSERT INTO `CONTROL_PARAMS` (`CONTROL_NAME`,`PARAM_NAME`,`DESCRIPTION`,`REQUIRED`,`DEFAULT_VALUE`) VALUES ('PROJECTION_SEMANAL','MAIL_TEMPLATE','','1','projection-semanal.html');
INSERT INTO `CONTROL_PARAMS` (`CONTROL_NAME`,`PARAM_NAME`,`DESCRIPTION`,`REQUIRED`,`DEFAULT_VALUE`) VALUES ('PROJECTION_SEMANAL','SIMULATE','','1','true');
INSERT INTO `CONTROL_PARAMS` (`CONTROL_NAME`,`PARAM_NAME`,`DESCRIPTION`,`REQUIRED`,`DEFAULT_VALUE`) VALUES ('PROJECTION_SEMANAL','URL','','1','http://192.168.9.151/projectsion_corp1');
INSERT INTO `CONTROL_PARAMS` (`CONTROL_NAME`,`PARAM_NAME`,`DESCRIPTION`,`REQUIRED`,`DEFAULT_VALUE`) VALUES ('PROJECTION_SEMANAL','TOLERANCE_DAYS','','1','0');
INSERT INTO `CONTROL_PARAMS` (`CONTROL_NAME`,`PARAM_NAME`,`REQUIRED`,`DEFAULT_VALUE`,`DESCRIPTION`) VALUES ('TINP_SAISIE_ERRORS','MAIL_FROM','1','carlos.cordero@sopra.com',NULL);
INSERT INTO `CONTROL_PARAMS` (`CONTROL_NAME`,`PARAM_NAME`,`REQUIRED`,`DEFAULT_VALUE`,`DESCRIPTION`) VALUES ('TINP_SAISIE_ERRORS','MAIL_SUBJECT','1','Control diario tinP',NULL);
INSERT INTO `CONTROL_PARAMS` (`CONTROL_NAME`,`PARAM_NAME`,`REQUIRED`,`DEFAULT_VALUE`,`DESCRIPTION`) VALUES ('TINP_SAISIE_ERRORS','MAIL_TEMPLATE','1','tinp-saisie-errors.html',NULL);
INSERT INTO `CONTROL_PARAMS` (`CONTROL_NAME`,`PARAM_NAME`,`REQUIRED`,`DEFAULT_VALUE`,`DESCRIPTION`) VALUES ('TINP_SAISIE_ERRORS','SIMULATE','1','true',NULL);
INSERT INTO `CONTROL_PARAMS` (`CONTROL_NAME`,`PARAM_NAME`,`REQUIRED`,`DEFAULT_VALUE`,`DESCRIPTION`) VALUES ('TINP_SAISIE_ERRORS','URL','1','http://localhost/tinp/api_taskcontrol/erreursaisie.json',NULL);


-- INSERT INTO `USER_CONTROLS` (`USER_USERNAME`,`CONTROL_NAME`) VALUES ('dcastro','PROJECTION_MENSUAL');
INSERT INTO `USER_CONTROLS` (`USER_USERNAME`,`CONTROL_NAME`) VALUES ('svilarrasa','TINP_SAISIE_ERRORS');
INSERT INTO `USER_CONTROLS` (`USER_USERNAME`,`CONTROL_NAME`) VALUES ('ppostigo','TINP_SAISIE_ERRORS');
INSERT INTO `USER_CONTROLS` (`USER_USERNAME`,`CONTROL_NAME`) VALUES ('pmanso','TINP_SAISIE_ERRORS');
INSERT INTO `USER_CONTROLS` (`USER_USERNAME`,`CONTROL_NAME`) VALUES ('ccordero','TINP_SAISIE_ERRORS');
INSERT INTO `USER_CONTROLS` (`USER_USERNAME`,`CONTROL_NAME`) VALUES ('mgalvan','TINP_SAISIE_ERRORS');
INSERT INTO `USER_CONTROLS` (`USER_USERNAME`,`CONTROL_NAME`) VALUES ('dcastro','TINP_SAISIE_ERRORS');
INSERT INTO `USER_CONTROLS` (`USER_USERNAME`,`CONTROL_NAME`) VALUES ('bramos','TINP_SAISIE_ERRORS');
INSERT INTO `USER_CONTROLS` (`USER_USERNAME`,`CONTROL_NAME`) VALUES ('bebarbier','TINP_SAISIE_ERRORS');
INSERT INTO `USER_CONTROLS` (`USER_USERNAME`,`CONTROL_NAME`) VALUES ('iouazzani','TINP_SAISIE_ERRORS');
INSERT INTO `USER_CONTROLS` (`USER_USERNAME`,`CONTROL_NAME`) VALUES ('dsanchez','TINP_SAISIE_ERRORS');
INSERT INTO `USER_CONTROLS` (`USER_USERNAME`,`CONTROL_NAME`) VALUES ('ajimenez','TINP_SAISIE_ERRORS');
INSERT INTO `USER_CONTROLS` (`USER_USERNAME`,`CONTROL_NAME`) VALUES ('drodilla','TINP_SAISIE_ERRORS');
INSERT INTO `USER_CONTROLS` (`USER_USERNAME`,`CONTROL_NAME`) VALUES ('evelasco','TINP_SAISIE_ERRORS');
INSERT INTO `USER_CONTROLS` (`USER_USERNAME`,`CONTROL_NAME`) VALUES ('juromero','TINP_SAISIE_ERRORS');
INSERT INTO `USER_CONTROLS` (`USER_USERNAME`,`CONTROL_NAME`) VALUES ('apintor','TINP_SAISIE_ERRORS');
INSERT INTO `USER_CONTROLS` (`USER_USERNAME`,`CONTROL_NAME`) VALUES ('lmaallem','TINP_SAISIE_ERRORS');
INSERT INTO `USER_CONTROLS` (`USER_USERNAME`,`CONTROL_NAME`) VALUES ('scabrera','TINP_SAISIE_ERRORS');
INSERT INTO `USER_CONTROLS` (`USER_USERNAME`,`CONTROL_NAME`) VALUES ('sbourgeaux','TINP_SAISIE_ERRORS');
INSERT INTO `USER_CONTROLS` (`USER_USERNAME`,`CONTROL_NAME`) VALUES ('lfournier','TINP_SAISIE_ERRORS');
INSERT INTO `USER_CONTROLS` (`USER_USERNAME`,`CONTROL_NAME`) VALUES ('mhameidat','TINP_SAISIE_ERRORS');
INSERT INTO `USER_CONTROLS` (`USER_USERNAME`,`CONTROL_NAME`) VALUES ('jblanco','TINP_SAISIE_ERRORS');
INSERT INTO `USER_CONTROLS` (`USER_USERNAME`,`CONTROL_NAME`) VALUES ('gsimon','TINP_SAISIE_ERRORS');


INSERT INTO `CONTROL_SCHEDULES` (`ID`,`CONTROL_NAME`,`DESCRIPTION`,`START_DATE`,`END_DATE`,`SCHEDULE_STATUS`,`CRON`) VALUES (1,'PROJECTION_MENSUAL','','2014-01-01 12:00:00','2014-12-31 12:00:00','PAUSED','*/10 * * * * ?');
INSERT INTO `CONTROL_SCHEDULES` (`ID`,`CONTROL_NAME`,`DESCRIPTION`,`START_DATE`,`END_DATE`,`SCHEDULE_STATUS`,`CRON`) VALUES (2,'PROJECTION_SEMANAL','','2014-01-01 12:00:00','2014-12-31 12:00:00','PAUSED','*/10 * * * * ?');
INSERT INTO `CONTROL_SCHEDULES` (`ID`,`CONTROL_NAME`,`DESCRIPTION`,`START_DATE`,`END_DATE`,`SCHEDULE_STATUS`,`CRON`) VALUES (3,'TINP_SAISIE_ERRORS','','2014-01-01 12:00:00','2014-12-31 12:00:00','RUNNING','*/10 * * * * ?');